{
 "Account": { "Username": "iwn0476",
              "Password": "ihwanxxx123"
              },

 "Interface":{ "Base Bet":"0.000003",
               "Max Bet":"off",
               "Chance":"71",
               "Random":{"Auto": "on",
                         "Min" : "51",
                         "Max" : "65"
                        },

               "Cl_Seed":{"Auto"       :"on",
                          "Every_Lose" : "2"
                         }
              },

 "BetSet":{ "Bet"   : "H",
            "H / L" :{"Auto"   : "on",
                      "On Lose": "1",
                      "On Win" : "1"
                     }
          },

 "Increase" :{ "After Win"  : "1",
               "After Lose" : "1.5"
             },

 "Reset"    :{ "If_Win"   : "1",
               "If_Lose"  : "0"
             },

 "Stop"    :{ "Balance"  : "0.1",
              "If_Lose"  : "0",
              "If_Prof"  : "0.0001"      
             },

 "Withdraw" :{"Auto"   : "OFF",
              "Initial": "0",
              "Trigger": "500000",
              "Wallet_doge" : "D7wnb429X7NYzmSA8Xy8WescWnj9dqG8mP",
              "Wallet_ltc" : "MFSk9QchuDoqDsz6Fj4VnLfrvi84nwSmJu",
              "Wallet_btc" : "3BAm1NZGbyQwG436JNTrXnJzVzxq1uXHzN",
              "Wallet_eth" : "0x1dba62e7348689fc726f00374456dbb33496b213"
              
             }
}
